﻿
<c3p0-config>

<default-config>
 <property name="driverClass">com.mysql.cj.jdbc.Driver</property>
   
 <property name="jdbcUrl">jdbc:mysql://localhost:3306/information_schema?useUnicode=true&amp;characterEncoding=UTF-8&amp;serverTimezone=GMT%2B8</property>
   
 <property name="user">admin</property>
   
 <property name="password">admin</property>   
 <property name="acquireIncrement">1</property>
    
 <property name="initialPoolSize">1</property>
   
 <property name="minPoolSize">0</property>
   
 <property name="maxPoolSize">2</property>

  

<!-- <property name="preferredTestQuery">select 1</property>-->

 <property name="idleConnectionTestPeriod">600</property>         
<property name="maxIdleTime">30</property> 
<property name="maxStatementsPerConnection">10</property>   
<property name="maxStatements">1000</property>
<property name="numHelperThreads">5</property>   
 </default-config>

 <named-config name="db_login"> 
 <property name="driverClass">com.mysql.cj.jdbc.Driver</property>
   
 <property name="jdbcUrl">jdbc:mysql://localhost:3306/db_login?useUnicode=true&amp;characterEncoding=UTF-8&amp;serverTimezone=GMT%2B8</property>
   
 <property name="user">admin</property>
   
 <property name="password">admin</property>   
  <property name="acquireIncrement">5</property>
  
<property name="acquireRetryDelay">100</property>     
 <property name="initialPoolSize">15</property>
   
 <property name="minPoolSize">10</property>
   
 <property name="maxPoolSize">200</property>

  
<property name="automaticTestTable">test_table</property>
 <property name="idleConnectionTestPeriod">600</property>         
<property name="maxIdleTime">600</property> 
<property name="maxStatementsPerConnection">5</property>   
<property name="maxStatements">1000</property>
<property name="numHelperThreads">5</property>   
 </named-config>


<named-config name="db_link_man"> 
 <property name="driverClass">com.mysql.cj.jdbc.Driver</property>
   
 <property name="jdbcUrl">jdbc:mysql://localhost:3306/db_link_man?useUnicode=true&amp;characterEncoding=UTF-8&amp;serverTimezone=GMT%2B8</property>
   
  <property name="user">admin</property>
   
 <property name="password">admin</property>   
 <property name="acquireIncrement">5</property>
 
<property name="acquireRetryDelay">100</property>      
 <property name="initialPoolSize">15</property>
   
 <property name="minPoolSize">10</property>
   
 <property name="maxPoolSize">200</property>

  
<property name="automaticTestTable">test_table</property>
 <property name="idleConnectionTestPeriod">600</property>         
<property name="maxIdleTime">600</property> 
<property name="maxStatementsPerConnection">5</property>   
<property name="maxStatements">1000</property>
<property name="numHelperThreads">5</property>   
 </named-config>

<named-config name="db_off_message"> 
 <property name="driverClass">com.mysql.cj.jdbc.Driver</property>
   
 <property name="jdbcUrl">jdbc:mysql://localhost:3306/db_off_message?useUnicode=true&amp;characterEncoding=UTF-8&amp;serverTimezone=GMT%2B8</property>
   
  <property name="user">admin</property>
   
 <property name="password">admin</property>   
 <property name="acquireIncrement">5</property>
   
<property name="acquireRetryDelay">100</property>    
 <property name="initialPoolSize">15</property>
   
 <property name="minPoolSize">10</property>
   
 <property name="maxPoolSize">200</property>

  
<property name="automaticTestTable">test_table</property>
 <property name="idleConnectionTestPeriod">600</property>         
<property name="maxIdleTime">600</property> 
<property name="maxStatementsPerConnection">5</property>   
<property name="maxStatements">1000</property>
<property name="numHelperThreads">5</property>   
 </named-config>


<named-config name="db_private_info"> 
 <property name="driverClass">com.mysql.cj.jdbc.Driver</property>
   
 <property name="jdbcUrl">jdbc:mysql://localhost:3306/db_private_info?useUnicode=true&amp;characterEncoding=UTF-8&amp;serverTimezone=GMT%2B8</property>
   
  <property name="user">admin</property>
   
 <property name="password">admin</property>   
 <property name="acquireIncrement">5</property>
  
<property name="acquireRetryDelay">100</property>     
 <property name="initialPoolSize">15</property>
   
 <property name="minPoolSize">10</property>
   
 <property name="maxPoolSize">200</property>

  
<property name="automaticTestTable">test_table</property>
 <property name="idleConnectionTestPeriod">600</property>         
<property name="maxIdleTime">600</property> 
<property name="maxStatementsPerConnection">5</property>   
<property name="maxStatements">1000</property>
<property name="numHelperThreads">5</property>   
 </named-config>


<named-config name="db_group"> 
 <property name="driverClass">com.mysql.cj.jdbc.Driver</property>
   
 <property name="jdbcUrl">jdbc:mysql://localhost:3306/db_group?useUnicode=true&amp;characterEncoding=UTF-8&amp;serverTimezone=GMT%2B8</property>
   
 <property name="user">admin</property>
   
 <property name="password">admin</property>   
 <property name="acquireIncrement">5</property>

<property name="acquireRetryDelay">100</property>    
 <property name="initialPoolSize">15</property>
   
 <property name="minPoolSize">10</property>
   
 <property name="maxPoolSize">200</property>

  
<property name="automaticTestTable">test_table</property>
 <property name="idleConnectionTestPeriod">600</property>         
<property name="maxIdleTime">600</property> 
<property name="maxStatementsPerConnection">5</property>   
<property name="maxStatements">1000</property>
<property name="numHelperThreads">5</property>   
 </named-config>


</c3p0-config>


 